DESCRICAO_CC,QTD_NOTAS,VALOR_TOTAL
MAQUINAS NOVAS                          ,270,131948239.39999999
NULL,87463,93701891.59999944
MAQUINAS WIRTGEN                        ,98,92144799.58000001
MAQUINAS ESTRATEGICO                    ,133,85692745.94000007
PECAS CSN                               ,26737,56239742.489999816
MAQUINAS NOVAS - ES                     ,61,34795136.730000004
MAQUINAS NOVAS - UDI                    ,52,31671000.0
EQUIPAMENTOS NOVOS  - CT                ,74,28069695.4
EQUIPAMENTOS NOVOS - GV                 ,109,24552752.72
EQUIPAMENTOS NOVOS - CT                 ,51,23446688.9
EQUIPAMENTOS NOVOS - AV                 ,100,19205270.130000003
PECAS SERVICOS                          ,13714,17878542.529999983
EQUIPAMENTOS NOVOS - PP                 ,54,17568651.32
PECAS WIRTGEN                           ,5118,16029645.309999948
MAQUINAS NOVAS - RJ                     ,37,15137875.14
EQUIPAMENTOS NOVOS - MC                 ,42,14504827.3
MAQUINAS NOVAS - CTG                    ,15,13714106.82
MECANICA/ELETRICA                       ,5467,11754823.85999991
MAQUINAS NOVAS - PA                     ,28,11470800.0
PECAS CRC                               ,6462,10977752.460000034
MAQUINAS USADAS                         ,56,10838045.780000001
MAQUINAS WIRTGEN - RJ                   ,14,10638141.56
EQUIPAMENTOS NOVOS  - MC                ,19,9266410.16
IMPLEMENTOS NOVOS - GV                  ,244,8178506.94
PECAS E PRODUTOS - PP                   ,12934,7662837.190000003
EQUIPAMENTOS NOVOS - TG                 ,31,7472042.210000001
IMPLEMENTOS NOVOS - CT                  ,135,6794174.970000001
MAQUINAS WIRTGEN - PA                   ,5,4652267.6
MAQUINAS ESTRATEGICO - RJ               ,5,4504000.0
PECAS CONTRATOS                         ,10490,4137937.309999916
SERVICOS CONTRATOS                      ,1387,3715381.859999942
PEÇAS - TERRABEL                        ,3004,3521784.0100000105
MECANICA/ELETRICA WIRTGEN               ,801,3418277.4299999755
IMPLEMENTOS NOVOS - MC                  ,69,3137618.0
LOCACAO                                 ,96,3030386.81
SERVICOS CRC                            ,185,2959932.7199999997
PECAS E PRODUTOS - CT                   ,4387,2938128.739999995
IMPLEMENTOS NOVOS - AV                  ,65,2565113.5799999996
MECANICA/ELETRICA CSN                   ,99,2550172.4799999995
PECAS E ACESSORIOS                      ,3331,2393597.6700000027
IMPLEMENTOS NOVOS - PP                  ,78,2270911.5
MAQUINAS WIRTGEN - CTG                  ,4,2240000.0
PECAS E PRODUTOS - GV                   ,2946,2233435.380000005
PECAS E PRODUTOS - AV                   ,2988,2168764.9400000055
SERVICOS - PP                           ,1237,2136102.9600000014
SERVICOS - AV                           ,1498,2036391.5300000007
EQUIPAMENTOS LEICA                      ,28,1994008.5999999994
CONTRATOS                               ,611,1972816.1000000027
PECAS E PRODUTOS - MC                   ,2846,1848916.889999999
PECAS VALLEY                            ,1585,1844688.5299999998
PECAS E PRODUTOS - TG                   ,2425,1628118.1200000015
MAQUINAS WIRTGEN - ES                   ,2,1610000.0
MECANICA E ELETRICA WIRTGEN             ,250,1550067.9400000013
USADOS EQUIPAMENTOS/IMPLEMENTOS - CT    ,12,1379000.0
SERVICOS - MC                           ,1113,1371741.8000000005
SERVICOS - GV                           ,1392,1162207.3600000015
IMPLEMENTOS NOVOS - TG                  ,41,1127511.56
SERVICOS - CT                           ,617,1086006.5200000005
PECAS CRC - UDI                         ,533,841062.6000000001
PECAS CSC - CT                          ,195,736113.4100000004
PEÇAS SERVIÇOS                          ,940,685583.8300000002
MECANICA/ELETRICA - TERRABEL            ,136,572298.3500000001
SERVICOS VALLEY                         ,283,559321.74
SERVICOS - TG                           ,333,496235.3800000003
SERVICOS CSC - MC                       ,33,403641.44999999995
PECAS CRC - RJ                          ,222,376750.85999999975
EQUIPAMENTOS IRRIGACAO - AGROPEU        ,1,375364.41
SERVICOS LEICA                          ,20,354000.0
PECAS CRC - PP                          ,167,337646.5800000001
MEC. ELETR. WIRTGEN CONTRATOS           ,56,316523.6200000001
SERVICOS CSC - CT                       ,67,300632.81999999995
SERVICOS CSC                            ,83,286024.38000000006
SERVICOS CSC - PP                       ,22,210286.6
SERVICOS CRC - UDI                      ,18,201597.97000000003
USADOS EQUIPAMENTOS/IMPLEMENTOS - GV    ,1,186000.0
PECAS ATVOS                             ,471,176597.93999999983
PECAS WIRTGEN CONTRATOS                 ,170,171826.95999999988
PECAS CSC - MC                          ,50,156199.82000000004
PECAS CSC - PP                          ,64,147192.76
PECAS E PRODUTOS - JN                   ,311,132154.62
PECAS - FERRO+                          ,50,126716.01000000002
SERVICOS CSC - AV                       ,14,107172.4
SERVICOS CRC - RJ                       ,5,96670.0
PECAS CSC                               ,20,87820.91
PECAS CRC - ES                          ,77,83919.62000000002
PECAS CRC - PA                          ,121,83393.86000000003
SERVICOS CRC - PP                       ,2,80286.7
MECANICA/ELETRICA - FERRO+              ,4,75488.37999999999
PECAS CSC - AV                          ,8,74707.64
PECAS SERVICOS - PA                     ,55,65971.72000000002
PECAS LEICA                             ,10,62986.1
PECAS WIRTGEN CRC                       ,1,59450.0
SERVICOS CRC - ES                       ,2,52893.88
SERVICOS CRC - PA                       ,5,50920.009999999995
MECANICA/ELETR. PA                      ,23,31790.03
SERVICOS ATVOS                          ,45,18537.800000000003
PECAS CSC - TG                          ,3,18275.03
MECANICA/ELETRICA - RJ                  ,3,8984.0
SERVICOS CSC - TG                       ,1,2682.0
PECAS E ACESSORIOS - CTG                ,1,939.77
EQUIPAMENTOS VALLEY                     ,3,786.0
PECAS ATVOS MATRIZ                      ,1,173.56
MAQUINAS NOVAS - TERRABEL               ,2,0.02
